"AppName","PackageName","Description","Category","AppUrl","DownloadURL","HowToInstall"
"010editor","010editor.12.0.1.nupkg","Professional hex editor with Binary Templates","Hex Editor","https://www.sweetscape.com","https://packages.chocolatey.org/010editor.12.0.1.nupkg","choco install 010editor.12.0.1.nupkg -y"
"7zip","Easy7zip.0.1.6.nupkg","7-Zip is a free and open-source file archiver","Hex Editor","https://www.7-zip.org/","https://packages.chocolatey.org/Easy7zip.0.1.6.nupkg","choco install Easy7zip.0.1.6.nupkg -y"
"AD-control-paths","","Control paths in Active Directory are an aggregation of control relations between entities of the domain which can be visualized as graphs (such as above) and whose purpose is to answer questions like Who can get Domain Admins privileges? or What resources can a user control? and even Who can read the CEOs emails?","Vulnerability Analysis","https://github.com/ANSSI-FR/AD-control-paths","https://packages.chocolatey.org/","choco install  -y"
"ADACLScanner","","A tool with GUI used to create reports of access control lists (DACLs) and system access control lists (SACLs) in Active Directory","Information Gathering","https://github.com/canix1/ADACLScanner","https://packages.chocolatey.org/","choco install  -y"
"ADAPE-Script","","Conducts common Active Directory tests","Exploitation","https://github.com/hausec/ADAPE-Script","https://packages.chocolatey.org/","choco install  -y"
"ADExplorer","adexplorer.1.50.nupkg","Active Directory Explorer (AD Explorer) is an advanced Active Directory (AD) viewer and editor.","Information Gathering","http://technet.microsoft.com/en-us/sysinternals/bb842062","https://packages.chocolatey.org/adexplorer.1.50.nupkg","choco install adexplorer.1.50.nupkg -y"
"adobereader","adobereader.2021.007.20099.nupkg","PDF reader","Utilities","https://www.adobe.com/products/reader.html","https://packages.chocolatey.org/adobereader.2021.007.20099.nupkg","choco install adobereader.2021.007.20099.nupkg -y"
"ADOffline","","Imports an LDAP file from Active Directory for SQL based offline reconnaissance","Information Gathering","https://github.com/stufus/ADOffline","https://packages.chocolatey.org/","choco install  -y"
"ADRecon","","ADRecon is a tool which gathers information about the Active Directory and generates a report which can provide a holistic picture of the current state of the target AD environment.","Information Gathering","https://github.com/sense-of-security/ADRecon","https://packages.chocolatey.org/","choco install  -y"
"amass.docker","","In-depth DNS Enumeration, Attack Surface Mapping and External Asset Discovery in in Docker","Docker","https://github.com/OWASP/Amass","https://packages.chocolatey.org/","choco install  -y"
"apimonitor","apimonitor.2.13.0.20210213.nupkg","Allows creation of process traces that include all windows APIs by name and includes all in and out parameters  Many filtering options.","Exploitation","http://www.rohitab.com/apimonitor","https://packages.chocolatey.org/apimonitor.2.13.0.20210213.nupkg","choco install apimonitor.2.13.0.20210213.nupkg -y"
"apimonitor","apimonitor.2.13.0.20210213.nupkg","Allows creation of process traces that include all windows APIs by name and includes all in and out parameters  Many filtering options.","Utilities","http://www.rohitab.com/apimonitor","https://packages.chocolatey.org/apimonitor.2.13.0.20210213.nupkg","choco install apimonitor.2.13.0.20210213.nupkg -y"
"apktool","apktool.2.5.0.nupkg","A tool for reverse engineering  Android apps","Android","https://ibotpeaches.github.io/Apktool/","https://packages.chocolatey.org/apktool.2.5.0.nupkg","choco install apktool.2.5.0.nupkg -y"
"Autopsy","autopsy.4.19.1.nupkg","Autopsy is a digital forensics platform and graphical interface to The Sleuth Kit® and other digital forensics tools.","common.fireeye","https://github.com/sleuthkit/autopsy","https://packages.chocolatey.org/autopsy.4.19.1.nupkg","choco install autopsy.4.19.1.nupkg -y"
"ASREPRoast","","Project that retrieves crackable hashes from KRB5 AS-REP responses for users without kerberoast preauthentication enabled.","Password Attacks","https://github.com/HarmJ0y/ASREPRoast","https://packages.chocolatey.org/","choco install  -y"
"autoit","autoit.3.3.14.5.nupkg","Creates a shortcut in the Utilities folder","Utilities","http://www.autoitscript.com/autoit3","https://packages.chocolatey.org/autoit.3.3.14.5.nupkg","choco install autoit.3.3.14.5.nupkg -y"
"BeRoot","","Privilege escalation project Windows Linux Mac","Exploitation","https://github.com/AlessandroZ/BeRoot","https://packages.chocolatey.org/","choco install  -y"
"binaryninja","","A dissassembler for reverse engineers","Disassemblers","https://binary.ninja/demo.html","https://packages.chocolatey.org/","choco install  -y"
"BloodHound","","BloodHound uses graph theory to reveal the hidden and often unintended relationships within an Active Directory environment.","Information Gathering","https://github.com/BloodHoundAD/BloodHound","https://packages.chocolatey.org/","choco install  -y"
"BloodHound-Custom-Queries","","https://hausec.com/2019/09/09/bloodhound-cypher-cheatsheet/","Information Gathering","https://github.com/hausec/Bloodhound-Custom-Queries","https://packages.chocolatey.org/","choco install  -y"
"burp.free","","Creates a shortcut in the Web Application directory for BurpSuite Free Edition","Web Application","https://portswigger.net/burp","https://packages.chocolatey.org/","choco install  -y"
"burp.free","","Creates a shortcut in the Web Application directory for BurpSuite Free Edition","Web Application","https://portswigger.net/burp","https://packages.chocolatey.org/","choco install  -y"
"bytecode-viewer","","A Java 8+ Jar & Android APK Reverse Engineering Suite","Java","https://bytecodeviewer.com/","https://packages.chocolatey.org/","choco install  -y"
"bytehist","","A tool for generating byte-usage-histograms for all types of files with a special focus on binary executables in PE-format (Windows)","Utilities","https://cert.at/downloads/software/bytehist_en.html","https://packages.chocolatey.org/","choco install  -y"
"CheckPlease","","Sandbox evasion modules","Evasion","https://github.com/Arvanaghi/CheckPlease","https://packages.chocolatey.org/","choco install  -y"
"citrix-receiver","citrix-receiver.4.12.nupkg","Creates a Citrix shortcut in the Networking Tools folder and disables Citrix auto start","Networking","http://www.citrix.com/downloads/citrix-receiver/windows/","https://packages.chocolatey.org/citrix-receiver.4.12.nupkg","choco install citrix-receiver.4.12.nupkg -y"
"cmder","Cmder.1.3.18.nupkg","Creates a shortcut in the Utilities directory - pins cmder to taskbar - and changes default ls alias to deconflict with unxUtils package","Utilities","http://cmder.net/","https://packages.chocolatey.org/Cmder.1.3.18.nupkg","choco install Cmder.1.3.18.nupkg -y"
"cmdermini","cmdermini.1.3.18.nupkg","Creates a shortcut in the Utilities directory - pins cmder to taskbar - and changes default ls alias to deconflict with unxUtils package","Utilities","http://cmder.net/","https://packages.chocolatey.org/cmdermini.1.3.18.nupkg","choco install cmdermini.1.3.18.nupkg -y"
"common","Devbox-Common.1.0.2.nupkg","Fire Eye common shared library","Utilities","","https://packages.chocolatey.org/Devbox-Common.1.0.2.nupkg","choco install Devbox-Common.1.0.2.nupkg -y"
"contextmenu","NuGet.ContextMenu.1.0.0.20141024.nupkg","Creates `Open command window here as admin` and `Open PowerShell window here as admin` context menu items","Utilities","","https://packages.chocolatey.org/NuGet.ContextMenu.1.0.0.20141024.nupkg","choco install NuGet.ContextMenu.1.0.0.20141024.nupkg -y"
"Covenant","","Covenant is a .NET command and control framework","Command and Control","https://github.com/cobbr/Covenant","https://packages.chocolatey.org/","choco install  -y"
"CrackMapExec","","A swiss army knife for pentesting networks","Utilities","https://github.com/byt3bl33d3r/CrackMapExec","https://packages.chocolatey.org/","choco install  -y"
"CrackMapExecWin","","The great CrackMapExec tool compiled for Windows","Exploitation","https://github.com/maaaaz/CrackMapExecWin","https://packages.chocolatey.org/","choco install  -y"
"CredNinja","","A multithreaded tool designed to identify if credentials are valid invalid or local admin valid credentials within a network at-scale via SMB","Password Attacks","https://github.com/Raikia/CredNinja","https://packages.chocolatey.org/","choco install  -y"
"cutter","cutter.2.0.3.nupkg","A GUI wrapper for radare2","Disassemblers","https://github.com/radareorg/cutter","https://packages.chocolatey.org/cutter.2.0.3.nupkg","choco install cutter.2.0.3.nupkg -y"
"cyberchef","","The Cyber Swiss Army Knife","Utilities","https://github.com/gchq/CyberChef","https://packages.chocolatey.org/","choco install  -y"
"cygwin","Cygwin.3.2.0.nupkg","Cygwin is a POSIX-compatible environment that runs natively on Microsoft Windows","Utilities","https://github.com/fireeye/flare-vm","https://packages.chocolatey.org/Cygwin.3.2.0.nupkg","choco install Cygwin.3.2.0.nupkg -y"
"DAMP","","The Discretionary ACL Modification Project: Persistence Through Host-based Security Descriptor Modification","Exploitation","https://github.com/HarmJ0y/DAMP","https://packages.chocolatey.org/","choco install  -y"
"de4dot","de4dot.0.0.0.15.nupkg",".NET deobfuscator","dotNet","https://www.aldeid.com/wiki/PEiD","https://packages.chocolatey.org/de4dot.0.0.0.15.nupkg","choco install de4dot.0.0.0.15.nupkg -y"
"DefenderCheck","","Identifies the bytes that Microsoft Defender flags on.","Evasion","https://github.com/matterpreter/DefenderCheck","https://packages.chocolatey.org/","choco install  -y"
"demiguise","","HTA encryption tool","Evasion","https://github.com/nccgroup/demiguise","https://packages.chocolatey.org/","choco install  -y"
"dex2jar","dex2jar.2.0.nupkg","dex decompiler","Android","https://github.com/pxb1988/dex2jar","https://packages.chocolatey.org/dex2jar.2.0.nupkg","choco install dex2jar.2.0.nupkg -y"
"die","die.3.02.nupkg","detect it easy tool -- packer identifier","Utilities","http://ntinfo.biz","https://packages.chocolatey.org/die.3.02.nupkg","choco install die.3.02.nupkg -y"
"dnsd","",".NET string deobfuscator","dotNet","http://progress-tools.x10.mx/dnsd.html","https://packages.chocolatey.org/","choco install  -y"
"dnspy","dnspy.6.1.8.nupkg",".NET decompiler and debugger","dotNET","https://github.com/0xd4d/dnSpy","https://packages.chocolatey.org/dnspy.6.1.8.nupkg","choco install dnspy.6.1.8.nupkg -y"
"dnsrecon","","DNS Enumeration Script","Information Gathering","https://github.com/darkoperator/dnsrecon","https://packages.chocolatey.org/","choco install  -y"
"docker","docker.99.0.0.nupkg","Docker","Docker","https://www.docker.com/products/docker-desktop","https://packages.chocolatey.org/docker.99.0.0.nupkg","choco install docker.99.0.0.nupkg -y"
"DomainPasswordSpray","","DomainPasswordSpray is a tool written in PowerShell to perform a password spray attack against users of a domain.","Password Attacks","https://github.com/dafthack/DomainPasswordSpray","https://packages.chocolatey.org/","choco install  -y"
"DotNetToJScript","","A tool to create a JScript file which loads a .NET v2 assembly from memory.","Evasion","https://github.com/tyranid/DotNetToJScript","https://packages.chocolatey.org/","choco install  -y"
"dotPeek","",".NET decompiler","dotNET","http://www.jetbrains.com/decompiler","https://packages.chocolatey.org/","choco install  -y"
"DSInternals","","Directory Services Internals (DSInternals) PowerShell Module and Framework","Password Attacks","https://github.com/MichaelGrafnetter/DSInternals","https://packages.chocolatey.org/","choco install  -y"
"Dumpert","","LSASS memory dumper using direct system calls and API unhooking.","Exploitation","https://github.com/outflanknl/Dumpert","https://packages.chocolatey.org/","choco install  -y"
"Egress-Assess","","Egress-Assess is a tool used to test egress data detection capabilities","Vulnerability","https://github.com/FortyNorthSecurity/Egress-Assess","https://packages.chocolatey.org/","choco install  -y"
"Elite","runelite.2.2.0.nupkg","Elite is the client-side component of the Covenant project.","Command and Control","https://github.com/cobbr/Elite","https://packages.chocolatey.org/runelite.2.2.0.nupkg","choco install runelite.2.2.0.nupkg -y"
"EvilClippy","","A cross-platform assistant for creating malicious MS Office documents.","Exploitation","https://github.com/outflanknl/EvilClippy","https://packages.chocolatey.org/","choco install  -y"
"Exchange-AD-Privesc","","Exchange privilege escalations to Active Directory","Exploitation","https://github.com/gdedrouas/Exchange-AD-Privesc","https://packages.chocolatey.org/","choco install  -y"
"exe2aut","","AutoIt decompiler","Utilities","https://exe2aut.com/","https://packages.chocolatey.org/","choco install  -y"
"exeinfope","","PE viewer","Utilities","http://exeinfo.atwebpages.com/","https://packages.chocolatey.org/","choco install  -y"
"explorersuite","explorersuite.0.0.0.2012.nupkg","PE utility","Utilities","http://www.ntcore.com/exsuite.php","https://packages.chocolatey.org/explorersuite.0.0.0.2012.nupkg","choco install explorersuite.0.0.0.2012.nupkg -y"
"fakenet-ng.python","","FLARE Fakenet: Network simulation","Net","https://github.com/fireeye/flare-fakenet-ng","https://packages.chocolatey.org/","choco install  -y"
"fakenet-ng.python","","FLARE Fakenet: Network simulation","Net","https://github.com/fireeye/flare-fakenet-ng","https://packages.chocolatey.org/","choco install  -y"
"farmanager","","Midnight commander style file management utility","Utilities","https://farmanager.com/","https://packages.chocolatey.org/","choco install  -y"
"ffdec","","Flash decompiler","Flash","https://www.free-decompiler.com/flash/","https://packages.chocolatey.org/","choco install  -y"
"fiddler","fiddler.5.0.20204.45441.nupkg","Creates a shortcut in the Web Application Directory","Web Application","http://www.telerik.com/fiddler","https://packages.chocolatey.org/fiddler.5.0.20204.45441.nupkg","choco install fiddler.5.0.20204.45441.nupkg -y"
"fileinsight","","Hex editor","Hex Editor","http://www.mcafee.com/us/downloads/free-tools/fileinsight.aspx","https://packages.chocolatey.org/","choco install  -y"
"firefox","Firefox.93.0.0.20211014.nupkg","Removes desktop shortcut and pins to taskbar","Web Application","https://www.mozilla.org/en-US/firefox/new/","https://packages.chocolatey.org/Firefox.93.0.0.20211014.nupkg","choco install Firefox.93.0.0.20211014.nupkg -y"
"flare-floss","","The FireEye Labs Obfuscated String Solver (FLOSS) uses advanced static analysis techniques to automatically deobfuscate strings from malware binaries. You can use it just like strings.exe to enhance basic static analysis of unknown binaries.","Utilities","https://github.com/fireeye/flare-floss","https://packages.chocolatey.org/","choco install  -y"
"flare-qdb.python","","FLARE QDB","Debuggers","https://github.com/fireeye/flare-qdb","https://packages.chocolatey.org/","choco install  -y"
"floss.python","","Fire Eye Labs Obfuscated String Solver","Utilities","https://github.com/fireeye/flare-floss","https://packages.chocolatey.org/","choco install  -y"
"FOCA","foca.3.4.7.1.nupkg","Tool to find metadata and hidden information in the documents.","Information Gathering","https://github.com/ElevenPaths/FOCA","https://packages.chocolatey.org/foca.3.4.7.1.nupkg","choco install foca.3.4.7.1.nupkg -y"
"fuzzdb","","Dictionary of attack patterns and primitives for black-box application fault injection and resource discovery.","Wordlists","https://github.com/fuzzdb-project/fuzzdb","https://packages.chocolatey.org/","choco install  -y"
"Gadgettojscript","","Gadget2JScript -A tool for generating .NET serialized gadgets that can trigger .NET assembly load/execution when deserialized using BinaryFormatter from JS/VBS/VBA based scripts.","Exploitation","https://github.com/med0x2e/GadgetToJScript","https://packages.chocolatey.org/","choco install  -y"
"Generate-Macro","","This Powershell script will generate a malicious Microsoft Office document with a specified payload and persistence method.","Exploitation","https://github.com/enigma0x3/Generate-Macro","https://packages.chocolatey.org/","choco install  -y"
"Get-LAPSPasswords","","Powershell function to pull the local admin passwords from LDAP, stored there by LAPS.","Password Attacks","https://github.com/kfosaaen/Get-LAPSPasswords","https://packages.chocolatey.org/","choco install  -y"
"Get-ReconInfo","","A powershell script that prints a lot of IP and connection info to the screen","Information Gathering","https://github.com/Raikia/Get-ReconInfo","https://packages.chocolatey.org/","choco install  -y"
"ghidra","ghidra.10.0.4.nupkg","An open sourced disassembler","Disassemblers","https://www.ghidra-sre.org/","https://packages.chocolatey.org/ghidra.10.0.4.nupkg","choco install ghidra.10.0.4.nupkg -y"
"gimp","gimp.2.10.28.nupkg","Creates a shortcut in the Utilities folder","Utilities","https://www.gimp.org/","https://packages.chocolatey.org/gimp.2.10.28.nupkg","choco install gimp.2.10.28.nupkg -y"
"GoBuster","","Directory/File, DNS and VHost busting tool written in Go","Information Gathering","https://github.com/OJ/gobuster","https://packages.chocolatey.org/","choco install  -y"
"GoFetch","","GoFetch is a tool to automatically exercise an attack plan generated by the BloodHound application.","Exploitation","https://github.com/GoFetchAD/GoFetch/","https://packages.chocolatey.org/","choco install  -y"
"googlechrome","GoogleChrome.95.0.4638.54.nupkg","Google chrome","Web Application","https://www.google.com/chrome/browser/","https://packages.chocolatey.org/GoogleChrome.95.0.4638.54.nupkg","choco install GoogleChrome.95.0.4638.54.nupkg -y"
"googlechrome","GoogleChrome.95.0.4638.54.nupkg","Google chrome","Utilities","https://www.google.com/chrome/","https://packages.chocolatey.org/GoogleChrome.95.0.4638.54.nupkg","choco install GoogleChrome.95.0.4638.54.nupkg -y"
"gowitness","","A golang, web screenshot utility using Chrome Headless","Information Gathering","https://github.com/sensepost/gowitness","https://packages.chocolatey.org/","choco install  -y"
"Greenshot","greenshot.1.2.10.6.nupkg","Creates a Greenshot shortcut in the Utilities folder and disables auto start for Greenshot","Utilities","http://getgreenshot.org/","https://packages.chocolatey.org/greenshot.1.2.10.6.nupkg","choco install greenshot.1.2.10.6.nupkg -y"
"Grouper2","","Find vulnerabilities in AD Group Policy","Vulnerability Analysis","https://github.com/l0ss/Grouper2","https://packages.chocolatey.org/","choco install  -y"
"hashcalc","","Hash calculator","Utilities","http://www.slavasoft.com/hashcalc/index.htm","https://packages.chocolatey.org/","choco install  -y"
"hashcat","","Password cracking utility","Password Attacks","https://hashcat.net/hashcat/","https://packages.chocolatey.org/","choco install  -y"
"hashmyfiles","hashmyfiles.2.42.nupkg","Hash calculator","Utilities","https://www.nirsoft.net/utils/hash_my_files.html","https://packages.chocolatey.org/hashmyfiles.2.42.nupkg","choco install hashmyfiles.2.42.nupkg -y"
"HeidiSQL","HeidiSQL.11.3.0.6295.nupkg","Interface for MySQL, MSSQL, and PostgreSQL","Utilities","https://chocolatey.org/packages/HeidiSQL","https://packages.chocolatey.org/HeidiSQL.11.3.0.6295.nupkg","choco install HeidiSQL.11.3.0.6295.nupkg -y"
"hexchat","hexchat.2.14.3.nupkg","Creates a HexChat shortcut in the Utilities folder","Utilities","https://hexchat.github.io/","https://packages.chocolatey.org/hexchat.2.14.3.nupkg","choco install hexchat.2.14.3.nupkg -y"
"hfs","hfs.2.3.12.nupkg","HTTP File Server (HFS) - A lightweight graphical HTTP file server","Utilities","https://chocolatey.org/packages/hfs","https://packages.chocolatey.org/hfs.2.3.12.nupkg","choco install hfs.2.3.12.nupkg -y"
"hollowshunter","hollowshunter.0.3.1.3.nupkg","Scans all running processes. Recognizes and dumps a variety of potentially malicious implants (replaced/implanted PEs shellcodes hooks in-memory patches).","Utilities","https://github.com/hasherezade/hollows_hunter","https://packages.chocolatey.org/hollowshunter.0.3.1.3.nupkg","choco install hollowshunter.0.3.1.3.nupkg -y"
"HTTrack","httrack.3.49.2.nupkg","HTTrack is a free (GPL aka libre/free software) and easy-to-use offline browser utility.","Web Application","http://www.httrack.com/page/1/en/index.html","https://packages.chocolatey.org/httrack.3.49.2.nupkg","choco install httrack.3.49.2.nupkg -y"
"hxd","HxD.2.4.0.0.nupkg","A hex editor","Utilities","https://mh-nexus.de/en/hxd/","https://packages.chocolatey.org/HxD.2.4.0.0.nupkg","choco install HxD.2.4.0.0.nupkg -y"
"hxd","HxD.2.4.0.0.nupkg","A hex editor","Hex Editor","https://mh-nexus.de/en/hxd/","https://packages.chocolatey.org/HxD.2.4.0.0.nupkg","choco install HxD.2.4.0.0.nupkg -y"
"hyperv","boot-no-hyperv.0.1.0.nupkg","Enables the Hyper V component in Windows 10","N/A","","https://packages.chocolatey.org/boot-no-hyperv.0.1.0.nupkg","choco install boot-no-hyperv.0.1.0.nupkg -y"
"idafree","","IDA Free edition","Disassemblers","https://www.hex-rays.com/products/ida/support/download_freeware.shtml","https://packages.chocolatey.org/","choco install  -y"
"idafree70","","IDA 7.0 Free edition","Disassemblers","https://www.hex-rays.com/products/ida/support/download_freeware.shtml","https://packages.chocolatey.org/","choco install  -y"
"idr.small","","Interactive Delphi Reconstructor","Delphi","http://kpnc.org/idr32/en/","https://packages.chocolatey.org/","choco install  -y"
"ilspy","",".NET decompiler","dotNET","http://ilspy.net/","https://packages.chocolatey.org/","choco install  -y"
"impacket-examples-windows","","The great impacket example scripts compiled for Windows","Exploitation","https://github.com/maaaaz/impacket-examples-windows","https://packages.chocolatey.org/","choco install  -y"
"impacket","","Impacket is a collection of Python classes for working with network protocols.","Utilities","https://github.com/SecureAuthCorp/impacket","https://packages.chocolatey.org/","choco install  -y"
"ImpRec","","ImpRec can be used to repair the import table for packed programs.","Utilities","https://www.aldeid.com/wiki/ImpREC","https://packages.chocolatey.org/","choco install  -y"
"innoextract","innoextract.1.9.nupkg","Inno Setup Tool decompiler","Utilities","http://constexpr.org/innoextract/","https://packages.chocolatey.org/innoextract.1.9.nupkg","choco install innoextract.1.9.nupkg -y"
"innounp","innounp.0.50.nupkg","Inno Setup Tool Unpacker","Utilities","http://innounp.sourceforge.net/","https://packages.chocolatey.org/innounp.0.50.nupkg","choco install innounp.0.50.nupkg -y"
"Internal-Monologue","","Internal Monologue Attack: Retrieving NTLM Hashes without Touching LSASS","Password Attacks","https://github.com/eladshamir/Internal-Monologue","https://packages.chocolatey.org/","choco install  -y"
"Inveigh","","Windows PowerShell ADIDNS/LLMNR/mDNS/NBNS spoofer/man-in-the-middle tool","Password Attacks","https://github.com/Kevin-Robertson/Inveigh","https://packages.chocolatey.org/","choco install  -y"
"Invoke-ACLPwn","","Invoke-ACLpwn is a tool that automates the discovery and pwnage of ACLs in Active Directory that are unsafe configured.","Exploitation","https://github.com/fox-it/Invoke-ACLPwn","https://packages.chocolatey.org/","choco install  -y"
"Invoke-CradleCrafter","","PowerShell Remote Download Cradle Generator & Obfuscator","Evasion","https://github.com/danielbohannon/Invoke-CradleCrafter","https://packages.chocolatey.org/","choco install  -y"
"Invoke-CredentialPhisher","","https://blog.fox-it.com/2018/08/14/phishing-ask-and-ye-shall-receive/","Password Attacks","https://github.com/fox-it/Invoke-CredentialPhisher","https://packages.chocolatey.org/","choco install  -y"
"Invoke-DCOM","","Lateral Movement","Exploitation","https://github.com/rvrsh3ll/Misc-Powershell-Scripts/blob/master/Invoke-DCOM.ps1","https://packages.chocolatey.org/","choco install  -y"
"Invoke-DOSfuscation","","Cmd.exe Command Obfuscation Generator & Detection Test Harness","Evasion","https://github.com/danielbohannon/Invoke-DOSfuscation","https://packages.chocolatey.org/","choco install  -y"
"Invoke-Obfuscation","","PowerShell Obfuscator","Evasion","https://github.com/danielbohannon/Invoke-Obfuscation","https://packages.chocolatey.org/","choco install  -y"
"Invoke-Phant0m","","Windows Event Log Killer","Evasion","https://github.com/hlldz/Invoke-Phant0m","https://packages.chocolatey.org/","choco install  -y"
"Invoke-PowerThIEf","","The PowerThIEf, an Internet Explorer Post Exploitation library","Exploitation","https://github.com/nettitude/Invoke-PowerThIEf","https://packages.chocolatey.org/","choco install  -y"
"Invoke-PSImage","","Embeds a PowerShell script in the pixels of a PNG file and generates a oneliner to execute","Exploitation","https://github.com/peewpw/Invoke-PSImage","https://packages.chocolatey.org/","choco install  -y"
"Invoke-TheHash","","PowerShell Pass The Hash Utils","Password Attacks","https://github.com/Kevin-Robertson/Invoke-TheHash","https://packages.chocolatey.org/","choco install  -y"
"java-deobfuscator-gui","","Java Deobfuscator GUI aims to deobfuscate most commercially-available obfuscators for Java.","Java","https://github.com/java-deobfuscator/deobfuscator","https://packages.chocolatey.org/","choco install  -y"
"jd-gui","","A standalone Java Decompiler GUI","Java","http://jd.benow.ca/","https://packages.chocolatey.org/","choco install  -y"
"juicy-potato","","A sugared version of RottenPotatoNG with a bit of juice i.e. another Local Privilege Escalation tool from a Windows Service Accounts to NT AUTHORITY\SYSTEM.","Exploitation","https://github.com/ohpe/juicy-potato","https://packages.chocolatey.org/","choco install  -y"
"kali","","Installs the kali-linux-default package","Kali","https://www.kali.org/","https://packages.chocolatey.org/","choco install  -y"
"kali-lite","","Installs the kali-linux-core package","Kali","https://www.kali.org/","https://packages.chocolatey.org/","choco install  -y"
"kali_windowsbinaries","","Kali binaries for windows","Exploitation","http://git.kali.org/gitweb/?p=packages/windows-binaries.git;a=summary","https://packages.chocolatey.org/","choco install  -y"
"KeeFarce","","Extracts passwords from a KeePass 2.x database, directly from memory.","Password Attacks","https://github.com/denandz/KeeFarce","https://packages.chocolatey.org/","choco install  -y"
"keepass","keepass.2.49.nupkg","Creates a KeePass shortcut in the Utilities folder and disables auto start for KeePass","Utilities","http://keepass.info/","https://packages.chocolatey.org/keepass.2.49.nupkg","choco install keepass.2.49.nupkg -y"
"KeeThief","","Methods for attacking KeePass 2.X databases, including extracting of encryption key material from memory.","Password Attacks","https://github.com/HarmJ0y/KeeThief","https://packages.chocolatey.org/","choco install  -y"
"kmdloader","","Kernel module loader","Utilities","http://www.novirusthanks.org/products/kernel-mode-driver-loader/","https://packages.chocolatey.org/","choco install  -y"
"LAPSToolkit","","Tool to audit and attack LAPS environments","Password Attacks","https://github.com/leoloobeek/LAPSToolkit","https://packages.chocolatey.org/","choco install  -y"
"lessmsi","lessmsi.1.8.3.nupkg","This is a utility with a graphical user interface and a command line interface that can be used to view and extract the contents of an MSI file","Utilities","https://github.com/activescott/lessmsi","https://packages.chocolatey.org/lessmsi.1.8.3.nupkg","choco install lessmsi.1.8.3.nupkg -y"
"libraries.go","","Go lang libraries","Utilities","","https://packages.chocolatey.org/","choco install  -y"
"libraries.python2","","Python 2 libraries","Utilities","https://github.com/fireeye/flare-vm","https://packages.chocolatey.org/","choco install  -y"
"libraries.python2","","Python 2 libraries","Utilities","https://github.com/fireeye/flare-vm","https://packages.chocolatey.org/","choco install  -y"
"libraries.python3","","Python 3 libraries","Utilities","https://github.com/fireeye/flare-vm","https://packages.chocolatey.org/","choco install  -y"
"libraries.python3","","Python 3 libraries","Utilities","https://github.com/fireeye/flare-vm","https://packages.chocolatey.org/","choco install  -y"
"lonelypotato","","Modified version of RottenPotatoNG C++","Exploitation","https://github.com/decoder-it/lonelypotato","https://packages.chocolatey.org/","choco install  -y"
"lordpe","","PE utility","Utilities","http://www.woodmann.com/collaborative/tools/index.php/LordPE","https://packages.chocolatey.org/","choco install  -y"
"luckystrike","","A PowerShell based utility for the creation of malicious Office macro documents.","Exploitation","https://github.com/curi0usJack/luckystrike","https://packages.chocolatey.org/","choco install  -y"
"MailSniper","","MailSniper is a penetration testing tool for searching through email in a Microsoft Exchange environment for specific terms. It can be used as a non-administrative user to search their own email or by an administrator to search the mailboxes of every user in a domain.","Password Attacks","https://github.com/dafthack/MailSniper","https://packages.chocolatey.org/","choco install  -y"
"malware-jail","","Sandbox for semi-automatic Javascript malware analysis deobfuscation and payload extraction. Written for Node.js","https://github.com/HynekPetrak/malware-jail","cinst -y malware-jail.fireeye","https://packages.chocolatey.org/","choco install  -y"
"MAP","rammap.1.60.nupkg","Malware Analyst Pack","Utilities","http://sandsprite.com/iDef/MAP/","https://packages.chocolatey.org/rammap.1.60.nupkg","choco install rammap.1.60.nupkg -y"
"metasploit","","Metasploit for windows","Exploitation","https://github.com/rapid7/metasploit-framework","https://packages.chocolatey.org/","choco install  -y"
"metatwin","","The project is designed as a file resource cloner. Metadata including digital signature is extracted from one file and injected into another.","Exploitation","https://github.com/threatexpress/metatwin","https://packages.chocolatey.org/","choco install  -y"
"Mimikatz","","A little tool to play with Windows security","Password Attacks","https://github.com/gentilkiwi/mimikatz","https://packages.chocolatey.org/","choco install  -y"
"mimikittenz","","A post-exploitation powershell tool for extracting juicy info from memory.","Password Attacks","https://github.com/putterpanda/mimikittenz","https://packages.chocolatey.org/","choco install  -y"
"mobaxterm","MobaXTerm.21.1.0.nupkg","Creates a MobaXTerm shortcut in the Utilities folder","Utilities","http://mobaxterm.mobatek.net/","https://packages.chocolatey.org/MobaXTerm.21.1.0.nupkg","choco install MobaXTerm.21.1.0.nupkg -y"
"msoffcrypto-crack","","Tool to recover the password of encrypted MS Office documents.","Office","https://blog.didierstevens.com/2018/12/31/new-tool-msoffcrypto-crack-py/ ","https://packages.chocolatey.org/","choco install  -y"
"nasm","nasm.2.14.02.nupkg","The Netwide Assembler and Disassembler","Developer","http://www.nasm.us/","https://packages.chocolatey.org/nasm.2.14.02.nupkg","choco install nasm.2.14.02.nupkg -y"
"ncat","","Netcat utility","Net","https://nmap.org/ncat/","https://packages.chocolatey.org/","choco install  -y"
"neo4j-community","neo4j-community.3.5.1.nupkg","Installs start/stop scripts for Neo4j in the Utilities folder and disables auto start for Neo4j","Utilities","http://neo4j.com/","https://packages.chocolatey.org/neo4j-community.3.5.1.nupkg","choco install neo4j-community.3.5.1.nupkg -y"
"Net-GPPPassword","",".NET implementation of Get-GPPPassword. Retrieves the plaintext password and other information for accounts pushed through Group Policy Preferences.","Information Gathering","https://github.com/outflanknl/Net-GPPPassword","https://packages.chocolatey.org/","choco install  -y"
"NetRipper","","NetRipper - Smart traffic sniffing for penetration testers","Information Gathering","https://github.com/NytroRST/NetRipper","https://packages.chocolatey.org/","choco install  -y"
"NetshHelperBeacon","","Example DLL to load from Windows NetShell","Exploitation","https://github.com/outflanknl/NetshHelperBeacon","https://packages.chocolatey.org/","choco install  -y"
"NirLauncher","nirlauncher.1.23.44.nupkg","NirLauncher is a package of more than 180 portable freeware utilities for Windows, all of them developed by NirSoft.","Utilities","https://chocolatey.org/packages/nirlauncher","https://packages.chocolatey.org/nirlauncher.1.23.44.nupkg","choco install nirlauncher.1.23.44.nupkg -y"
"nishang","","Nishang - Offensive PowerShell for red team penetration testing and offensive security.","Exploitation","https://github.com/samratashok/nishang","https://packages.chocolatey.org/","choco install  -y"
"nmap","nmap.7.92.nupkg","Creates shortcuts for nmap and Zenmap in the Information Gathering folder","Information Gathering","https://nmap.org/","https://packages.chocolatey.org/nmap.7.92.nupkg","choco install nmap.7.92.nupkg -y"
"nmap","nmap.7.92.nupkg","Creates shortcuts for nmap and Zenmap in the Information Gathering folder","Net","https://nmap.org/","https://packages.chocolatey.org/nmap.7.92.nupkg","choco install nmap.7.92.nupkg -y"
"notepadplusplus-textfx","","Installs the TextFX plugin for 32 bit Notepad++","Utilities","","https://packages.chocolatey.org/","choco install  -y"
"notepadplusplus","notepadplusplus.8.1.9.nupkg","Installs the TextFX plugin for 32 bit Notepad++","Utilities","https://notepad-plus-plus.org/","https://packages.chocolatey.org/notepadplusplus.8.1.9.nupkg","choco install notepadplusplus.8.1.9.nupkg -y"
"nps","","Not PowerShell","Evasion","https://github.com/Ben0xA/nps","https://packages.chocolatey.org/","choco install  -y"
"NtdsAudit","","An Active Directory audit utility","Vulnerability Analysis","https://github.com/Dionach/NtdsAudit","https://packages.chocolatey.org/","choco install  -y"
"OffensiveCSharp","","Collection of Offensive C# Tooling","Exploitation","https://github.com/matterpreter/OffensiveCSharp","https://packages.chocolatey.org/","choco install  -y"
"officemalscanner","","Scan office documents for malware","Office","http://www.reconstructer.org/","https://packages.chocolatey.org/","choco install  -y"
"offvis","","OLESS binary file viewer","Office","http://www.microsoft.com","https://packages.chocolatey.org/","choco install  -y"
"oledump","","A python file to analyze OLE files","Office","https://didierstevens.com/","https://packages.chocolatey.org/","choco install  -y"
"oletools","","Python library to analyze OLE files","Office","https://github.com/decalage2/oletools","https://packages.chocolatey.org/","choco install  -y"
"ollydbg","ollydbg.1.10.nupkg","Olly Debugger","Debuggers","http://www.ollydbg.de/","https://packages.chocolatey.org/ollydbg.1.10.nupkg","choco install ollydbg.1.10.nupkg -y"
"ollydbg.ollydump","","OllyDump module for OllyDebugger","Utilities","http://www.openrce.org/downloads/details/108/OllyDump","https://packages.chocolatey.org/","choco install  -y"
"ollydbg.ollydumpex","","OllyDumpEx module for OllyDebugger","Utilities","https://low-priority.appspot.com/ollydumpex/","https://packages.chocolatey.org/","choco install  -y"
"ollydbg2","","Olly Debugger v.2","Debuggers","http://www.ollydbg.de/version2.html","https://packages.chocolatey.org/","choco install  -y"
"ollydbg2.ollydumpex","","OllyDumpEx module for OllyDebugger v.2","Utilities","https://low-priority.appspot.com/ollydumpex/","https://packages.chocolatey.org/","choco install  -y"
"OpenSSL","openssl.1.1.1.1100.nupkg","Open SSL library","Utilities","https://slproweb.com/products/Win32OpenSSL.html","https://packages.chocolatey.org/openssl.1.1.1.1100.nupkg","choco install openssl.1.1.1.1100.nupkg -y"
"openvpn","openvpn.2.4.7.nupkg","Creates an OpenVPN shortcut in the Networking Tools folder and disables auto start for OpenVPN","Networking","https://openvpn.net/index.php/open-source/","https://packages.chocolatey.org/openvpn.2.4.7.nupkg","choco install openvpn.2.4.7.nupkg -y"
"orca","orca.3.1.3790.0000.nupkg","Creates an Orca shortcut in the Exploitation folder","Exploitation","https://msdn.microsoft.com/en-us/library/windows/desktop/aa370557(v=vs.85).aspx","https://packages.chocolatey.org/orca.3.1.3790.0000.nupkg","choco install orca.3.1.3790.0000.nupkg -y"
"pafishmacro","","Pafish Macro is a Macro enabled Office Document to detect malware analysis systems and sandboxes. It uses evasion & detection techniques implemented by malicious documents.","Evasion","https://github.com/joesecurity/pafishmacro","https://packages.chocolatey.org/","choco install  -y"
"PayloadsAllTheThings","","A list of useful payloads and bypass for Web Application Security and Pentest/CTF","Wordlists","https://github.com/swisskyrepo/PayloadsAllTheThings","https://packages.chocolatey.org/","choco install  -y"
"pdfid","","Creates a Pidgin Shortcut in the Utilities folder","PDF","https://didierstevens.com/","https://packages.chocolatey.org/","choco install  -y"
"pdfparser","","A python PDF parser","PDF","https://didierstevens.com/","https://packages.chocolatey.org/","choco install  -y"
"PdfStreamDumper","","A utility to view and dump streams from a PDF","PDF","http://sandsprite.com/tools.php?id=17","https://packages.chocolatey.org/","choco install  -y"
"pebear","pebear.0.5.4.nupkg","A freeware reversing tool for analyzing PE","Utilities","https://hshrzd.wordpress.com/pe-bear/","https://packages.chocolatey.org/pebear.0.5.4.nupkg","choco install pebear.0.5.4.nupkg -y"
"peid","","PeID utility","Utilities","https://www.aldeid.com/wiki/PEiD","https://packages.chocolatey.org/","choco install  -y"
"pesieve","pesieve.0.3.1.3.nupkg","Scan a process to detect and dump potential implants","Utilities","https://hshrzd.wordpress.com/pe-sieve/","https://packages.chocolatey.org/pesieve.0.3.1.3.nupkg","choco install pesieve.0.3.1.3.nupkg -y"
"pestudio","PeStudio.9.18.0.0.nupkg","PE Viewer","Utilities","https://www.winitor.com","https://packages.chocolatey.org/PeStudio.9.18.0.0.nupkg","choco install PeStudio.9.18.0.0.nupkg -y"
"peview","","PE Viewer","Utilities","http://wjradburn.com/software/","https://packages.chocolatey.org/","choco install  -y"
"pidgin","pidgin.2.14.8.nupkg","Creates a Pidgin Shortcut in the Utilities folder","Utilities","http://pidgin.im/","https://packages.chocolatey.org/pidgin.2.14.8.nupkg","choco install pidgin.2.14.8.nupkg -y"
"pmalabs","","The labs for Practical Malware Analysis -- useful for learning reverse engineering and malware analysis","Utilities","https://github.com/mikesiko/PracticalMalwareAnalysis-Labs","https://packages.chocolatey.org/","choco install  -y"
"powercat","","netshell features all in version 2 powershell ","Networking Tools","https://github.com/besimorhino/powercat","https://packages.chocolatey.org/","choco install  -y"
"PowerLessShell","","Run PowerShell command without invoking powershell.exe","Evasion","https://github.com/Mr-Un1k0d3r/PowerLessShell","https://packages.chocolatey.org/","choco install  -y"
"PowerLurk","","Malicious WMI Events using PowerShell","Exploitation","https://github.com/Sw4mpf0x/PowerLurk","https://packages.chocolatey.org/","choco install  -y"
"PowerPriv","","A Powershell implementation of PrivExchange designed to run under the current user's context","Exploitation","https://github.com/G0ldenGunSec/PowerPriv","https://packages.chocolatey.org/","choco install  -y"
"PowerShdll","","Run PowerShell with rundll32. Bypass software restrictions.","Evasion","https://github.com/p3nt4/PowerShdll","https://packages.chocolatey.org/","choco install  -y"
"PowerShell-Suite","","PowerShell-Suite from FuzzySec","Exploitation","https://github.com/FuzzySecurity/PowerShell-Suite","https://packages.chocolatey.org/","choco install  -y"
"PowerSploit","","A PowerShell Post-Exploitation Framework","Exploitation","https://github.com/PowerShellMafia/PowerSploit","https://packages.chocolatey.org/","choco install  -y"
"PowerUpSQL","","A PowerShell Toolkit for Attacking SQL Server","Exploitation","https://github.com/NetSPI/PowerUpSQL","https://packages.chocolatey.org/","choco install  -y"
"PowerView","","Installs the dev branch version of PowerView","Information Gathering","https://github.com/PowerShellMafia/PowerSploit/tree/master/Recon","https://packages.chocolatey.org/","choco install  -y"
"ppee","ppee.1.12.nupkg","A PE file explorer for reverser and malware analyst","Utilities","https://www.mzrst.com/","https://packages.chocolatey.org/ppee.1.12.nupkg","choco install ppee.1.12.nupkg -y"
"Privesc","","Windows batch script that finds misconfiguration issues which can lead to privilege escalation.","Information Gathering","https://github.com/enjoiz/Privesc","https://packages.chocolatey.org/","choco install  -y"
"PrivExchange","","Exchange your privileges for Domain Admin privs by abusing Exchange","Exploitation\PrivExchange","https://github.com/dirkjanm/PrivExchange","https://packages.chocolatey.org/","choco install  -y"
"Probable-Wordlists","","Wordlists sorted by probability originally created for password generation and testing","Wordlists","https://github.com/berzerk0/Probable-Wordlists","https://packages.chocolatey.org/","choco install  -y"
"procdot","","Promon + PCAP = ProcDot. It connects process activities with network activities","Utilities","https://www.procdot.com/index.htm","https://packages.chocolatey.org/","choco install  -y"
"processdump","","Dump a running process","Utilities","https://github.com/glmcdona/Process-Dump","https://packages.chocolatey.org/","choco install  -y"
"processhacker","processhacker.2.39.nupkg","A multi-purpose tool to monitor all running process and system resources","Utilities","http://processhacker.sourceforge.net/","https://packages.chocolatey.org/processhacker.2.39.nupkg","choco install processhacker.2.39.nupkg -y"
"proxycap","","ProxyCap enables you to redirect your computer's network connections through proxy servers.","Networking","http://www.proxycap.com/","https://packages.chocolatey.org/","choco install  -y"
"PSAmsi","","PSAmsi is a tool for auditing and defeating AMSI signatures.","Evasion","https://github.com/cobbr/PSAmsi","https://packages.chocolatey.org/","choco install  -y"
"PSAttack","","A portable console aimed at making pentesting with PowerShell a little easier.","Evasion","https://github.com/jaredhaight/PSAttack","https://packages.chocolatey.org/","choco install  -y"
"PSBits","","Simple (mainly PowerShell) solutions allowing you to dig a bit deeper than usual. ","Exploitation","https://github.com/gtworek/PSBits","https://packages.chocolatey.org/","choco install  -y"
"PSDecode","","PowerShell script for deobfuscating encoded PowerShell scripts","PowerShell","https://github.com/R3MRUM/PSDecode","https://packages.chocolatey.org/","choco install  -y"
"PSReflect","","Easily define in-memory enums, structs, and Win32 functions in PowerShell","Exploitation","https://github.com/mattifestation/PSReflect","https://packages.chocolatey.org/","choco install  -y"
"putty","putty.0.76.nupkg","Creates a PUTTY shortcut in the Networking Tools folder","Networking","http://www.chiark.greenend.org.uk/~sgtatham/putty/","https://packages.chocolatey.org/putty.0.76.nupkg","choco install putty.0.76.nupkg -y"
"PwnedPasswordsNTLM","","Quick binary search for NTLM hash dataset","Vulnerability Analysis","https://github.com/JacksonVD/PwnedPasswordsNTLM","https://packages.chocolatey.org/","choco install  -y"
"py2exedecompiler","","py2exe decompiler","Python","https://github.com/endgameinc/Py2ExeDecompiler","https://packages.chocolatey.org/","choco install  -y"
"pyinstxtractor","","This is a python script to extract the contents of a PyInstaller generated Windows executable file.","Python","https://sourceforge.net/projects/pyinstallerextractor/","https://packages.chocolatey.org/","choco install  -y"
"python2.x86.nopath","","","Utilities","http://www.python.org/","https://packages.chocolatey.org/","choco install  -y"
"radare2","radare2.5.4.2.nupkg","A complete framework for reverse engineering and binary analysis","Disassemblers","http://www.radare.org/r/","https://packages.chocolatey.org/radare2.5.4.2.nupkg","choco install radare2.5.4.2.nupkg -y"
"Recon-AD","","Recon-AD, an AD recon tool based on ADSI and reflective DLL�s","Information Gathering","https://github.com/outflanknl/Recon-AD","https://packages.chocolatey.org/","choco install  -y"
"RedTeamPowershellScripts","","Various PowerShell scripts from Mr-Un1k0d3r","Exploitation","https://github.com/Mr-Un1k0d3r/RedTeamPowershellScripts","https://packages.chocolatey.org/","choco install  -y"
"regshot","RegShot.1.9.3.nupkg","Open source registry compare utility","Utilities","https://sourceforge.net/projects/regshot/","https://packages.chocolatey.org/RegShot.1.9.3.nupkg","choco install RegShot.1.9.3.nupkg -y"
"resourcehacker","","Utility to extract and modify embeded resources in PE files","Utilities","http://www.angusj.com/resourcehacker/","https://packages.chocolatey.org/","choco install  -y"
"RetDec","","A decompiler based on LLVM","Decompilers","https://retdec.com/","https://packages.chocolatey.org/","choco install  -y"
"RiskySPN","","Detect and abuse risky SPNs","Password Attacks","https://github.com/cyberark/RiskySPN","https://packages.chocolatey.org/","choco install  -y"
"RobotsDisallowed","","A curated list of the most common and most interesting robots.txt disallowed directories.","Wordlists","https://github.com/danielmiessler/RobotsDisallowed","https://packages.chocolatey.org/","choco install  -y"
"RottenPotatoNG","","New version of RottenPotato as a C++ DLL and standalone C++ binary - no need for meterpreter or other tools.","Exploitation","https://github.com/breenmachine/RottenPotatoNG","https://packages.chocolatey.org/","choco install  -y"
"rsat","RSAT.2.1809.0.20210815.nupkg","Creates a shortcut to RSAT in the Active Directory Tools folder","Active Directory","https://support.microsoft.com/en-us/help/2693643/remote-server-administration-tools-rsat-for-windows-operating-systems","https://packages.chocolatey.org/RSAT.2.1809.0.20210815.nupkg","choco install RSAT.2.1809.0.20210815.nupkg -y"
"rtfdump","","Tool to analyze RTF documents","Office","https://blog.didierstevens.com/2018/12/10/update-rtfdump-py-version-0-0-9/","https://packages.chocolatey.org/","choco install  -y"
"Rubeus","","Rubeus is a C# toolset for raw Kerberos interaction and abuses.","Exploitation\GhostPack","https://github.com/GhostPack/Rubeus","https://packages.chocolatey.org/","choco install  -y"
"ruler","","A tool to abuse exchange services","Exploitation","https://github.com/sensepost/ruler","https://packages.chocolatey.org/","choco install  -y"
"rundotnetdll","","RunDotNetDll allows to introspect a given .NET Assembly in order to list all the methods which are implemented in the Assembly and to invoke them. All this is done via pure Reflection.","dotNet","https://github.com/enkomio/RunDotNetDll","https://packages.chocolatey.org/","choco install  -y"
"SafetyKatz","","SafetyKatz is a combination of slightly modified version ofÊ@gentilkiwi's Mimikatz project andÊ@subTee's .NET PE Loader","Exploitation\GhostPack","https://github.com/GhostPack/SafetyKatz","https://packages.chocolatey.org/","choco install  -y"
"scdbg","","Shellcode debugger","Debuggers","http://sandsprite.com/CodeStuff/scdbg_manual/MANUAL_EN.html","https://packages.chocolatey.org/","choco install  -y"
"ScreenToGif","screentogif.2.34.0.nupkg","Creates a ScreenToGif shortcut in the Utilities folder","Utilities","https://www.screentogif.com","https://packages.chocolatey.org/screentogif.2.34.0.nupkg","choco install screentogif.2.34.0.nupkg -y"
"Seatbelt","","Seatbelt is a C# project that performs a number of security oriented host-survey safety checks relevant from both offensive and defensive security perspectives.","Exploitation\GhostPack","https://github.com/GhostPack/Seatbelt","https://packages.chocolatey.org/","choco install  -y"
"SecLists","","SecLists is the security testers companion. It's a collection of multiple types of lists used during security assessments, collected in one place.","Wordlists","https://github.com/danielmiessler/SecLists","https://packages.chocolatey.org/","choco install  -y"
"SessionGopher","","SessionGopher is a PowerShell tool that uses WMI to extract saved session information for remote access tools such as WinSCP PuTTY SuperPuTTY FileZilla and Microsoft Remote Desktop. It can be run remotely or locally.","Password Attacks","https://github.com/Arvanaghi/SessionGopher","https://packages.chocolatey.org/","choco install  -y"
"ShareAudit","","A tool for auditing network shares in an Active Directory environment ","Information Gathering","https://github.com/Dionach/ShareAudit","https://packages.chocolatey.org/","choco install  -y"
"Sharp-Suite","","Various C# tools from FuzzySec","Exploitation","https://github.com/FuzzySecurity/Sharp-Suite","https://packages.chocolatey.org/","choco install  -y"
"SharpClipHistory","","SharpClipHistory is a .NET application written in C# that can be used to read the contents of a user's clipboard history in Windows 10 starting from the 1809 Build.","Exploitation","https://github.com/mwrlabs/SharpClipHistory","https://packages.chocolatey.org/","choco install  -y"
"SharpDPAPI","","SharpDPAPI is a C# port of some Mimikatz DPAPI functionality.","Exploitation\GhostPack","https://github.com/GhostPack/SharpDPAPI","https://packages.chocolatey.org/","choco install  -y"
"SharpDump","","SharpDump is a C# port of PowerSploit's Out-Minidump.ps1 functionality.","Exploitation\GhostPack","https://github.com/GhostPack/SharpDump","https://packages.chocolatey.org/","choco install  -y"
"SharpExchangePriv","","A C# implementation of PrivExchange by @_dirkjan.","Exploitation","https://github.com/panagioto/SharpExchangePriv","https://packages.chocolatey.org/","choco install  -y"
"SharpExec","","SharpExec is an offensive security C# tool designed to aid with lateral movement.","Exploitation","https://github.com/anthemtotheego/SharpExec","https://packages.chocolatey.org/","choco install  -y"
"SharpHound","","C# Rewrite of the BloodHound Ingestor","Information Gathering","https://github.com/BloodHoundAD/SharpHound","https://packages.chocolatey.org/","choco install  -y"
"SharpRoast","","SharpRoast is a C# port of various PowerView's Kerberoasting functionality.","Exploitation\GhostPack","https://github.com/GhostPack/SharpRoast","https://packages.chocolatey.org/","choco install  -y"
"SharpSploit","","SharpSploit is a .NET post-exploitation library written in C#","Exploitation","https://github.com/cobbr/SharpSploit","https://packages.chocolatey.org/","choco install  -y"
"SharpUp","","SharpUp is a C# port of various PowerUp functionality.","Exploitation\GhostPack","https://github.com/GhostPack/SharpUp","https://packages.chocolatey.org/","choco install  -y"
"SharpView","","C# implementation of harmj0y's PowerView","Information Gathering","https://github.com/tevora-threat/SharpView","https://packages.chocolatey.org/","choco install  -y"
"SharpWMI","","SharpWMI is a C# implementation of various WMI functionality.","Exploitation\GhostPack","https://github.com/GhostPack/SharpWMI","https://packages.chocolatey.org/","choco install  -y"
"ShareAudit","","A tool for auditing network shares in an Active Directory environment.","Information Gathering","https://github.com/Dionach/ShareAudit","https://packages.chocolatey.org/","choco install  -y"
"shellcode_launcher","","Shellcode launcher","Utilities","https://github.com/clinicallyinane/shellcode_launcher/","https://packages.chocolatey.org/","choco install  -y"
"SilkETW","","A C# wrapper for ETW","Utilities","https://github.com/fireeye/SilkETW","https://packages.chocolatey.org/","choco install  -y"
"SimpleDnsCrypt","simplednscrypt.0.6.6.nupkg","Simple DNSCrypt is a simple management tool to configure dnscrypt-proxy on windows based systems.","Utilities","https://simplednscrypt.org/","https://packages.chocolatey.org/simplednscrypt.0.6.6.nupkg","choco install simplednscrypt.0.6.6.nupkg -y"
"spiderfoot.docker","","An OSInt automation tool","Docker","https://github.com/smicallef/spiderfoot","https://packages.chocolatey.org/","choco install  -y"
"SpoolerScanner","","Check if MS-RPRN is remotely available with powershell/c#","Information Gathering","https://github.com/vletoux/SpoolerScanner","https://packages.chocolatey.org/","choco install  -y"
"SpoolSample","","PoC tool to coerce Windows hosts authenticate to other machines via the MS-RPRN RPC interface. This is possible via other protocols as well.","Exploitation","https://github.com/leechristensen/SpoolSample","https://packages.chocolatey.org/","choco install  -y"
"spystudio","spystudio.2.9.2.20161106.nupkg","API call monitor","Utilities","http://www.nektra.com/products/spystudio-api-monitor/","https://packages.chocolatey.org/spystudio.2.9.2.20161106.nupkg","choco install spystudio.2.9.2.20161106.nupkg -y"
"sqlitebrowser","sqlitebrowser.3.12.2.nupkg","Creates a DB Browser for SQLite shortcut in the Utilities folder","Utilities","http://sqlitebrowser.org/","https://packages.chocolatey.org/sqlitebrowser.3.12.2.nupkg","choco install sqlitebrowser.3.12.2.nupkg -y"
"sqlserver-cmdlineutils","sqlserver-cmdlineutils.15.0.2000.5.nupkg","Creates a shortcut for sqlcmd in the Active Directory Tools folder","Active Directory","https://www.microsoft.com/en-us/download/details.aspx?id=53591","https://packages.chocolatey.org/sqlserver-cmdlineutils.15.0.2000.5.nupkg","choco install sqlserver-cmdlineutils.15.0.2000.5.nupkg -y"
"StarFighters","","A JavaScript and VBScript Based Empire Launcher which runs within their own embedded PowerShell Host.","Evasion","https://github.com/Cn33liz/StarFighters","https://packages.chocolatey.org/","choco install  -y"
"subdomain-bruteforce","","a subdomain brute forcing tool for windows","Information Gathering","https://github.com/visualbasic6/subdomain-bruteforce","https://packages.chocolatey.org/","choco install  -y"
"SublimeText3","SublimeText3.3.2.2.nupkg","Creates a Sublime Text 3 shortcut in the Utilities folder and pins Sublime Text to the taskbar","Utilities","http://www.sublimetext.com/3","https://packages.chocolatey.org/SublimeText3.3.2.2.nupkg","choco install SublimeText3.3.2.2.nupkg -y"
"SysAnalyzer","","Process monitoring tool","Utilities","http://sandsprite.com/iDef/SysAnalyzer/","https://packages.chocolatey.org/","choco install  -y"
"sysinternals","sysinternals.2021.10.14.nupkg","Creates a shortcut for all Sysinternals tools in the Active Directory Tools folder","Active Directory","http://technet.microsoft.com/en-us/sysinternals/bb842062","https://packages.chocolatey.org/sysinternals.2021.10.14.nupkg","choco install sysinternals.2021.10.14.nupkg -y"
"sysinternals","sysinternals.2021.10.14.nupkg","Creates a shortcut for all Sysinternals tools in the Active Directory Tools folder","Utilities","http://technet.microsoft.com/en-us/sysinternals/bb842062","https://packages.chocolatey.org/sysinternals.2021.10.14.nupkg","choco install sysinternals.2021.10.14.nupkg -y"
"SysWhispers","","AV/EDR evasion via direct system calls. ","Evasion","https://github.com/jthuraisamy/SysWhispers","https://packages.chocolatey.org/","choco install  -y"
"telnet","telnet.0.9.0.nupkg","Creates a Telnet shortcut in the Networking Tools directory","Networking","https://technet.microsoft.com/en-us/library/bb491013.aspx","https://packages.chocolatey.org/telnet.0.9.0.nupkg","choco install telnet.0.9.0.nupkg -y"
"ThreadContinue","","Reflective DLL injection using SetThreadContext() and NtContinue()","Exploitation","https://github.com/zerosum0x0/ThreadContinue","https://packages.chocolatey.org/","choco install  -y"
"thunderbird","thunderbird.91.2.1.nupkg","Creates a shortcut for Mozilla Thunderbird in the Utilities folder","Utilities","https://www.mozilla.org/en/thunderbird/","https://packages.chocolatey.org/thunderbird.91.2.1.nupkg","choco install thunderbird.91.2.1.nupkg -y"
"TikiTorch","","Process Injection","Exploitation","https://github.com/rasta-mouse/TikiTorch","https://packages.chocolatey.org/","choco install  -y"
"tor-browser","tor-browser.10.5.8.nupkg","Tor Browser","Utilities","https://chocolatey.org/packages/tor-browser","https://packages.chocolatey.org/tor-browser.10.5.8.nupkg","choco install tor-browser.10.5.8.nupkg -y"
"TrustVisualizer","","Python script that takes new output from Get-DomainTrustMapping .csvs and outputs graphml. Based on DomainTrustExplorer.","Utilities","https://github.com/HarmJ0y/TrustVisualizer","https://packages.chocolatey.org/","choco install  -y"
"UACME","","Defeating Windows User Account Control by abusing built-in Windows AutoElevate backdoor.","Exploitation","https://github.com/hfiref0x/UACME","https://packages.chocolatey.org/","choco install  -y"
"uniextract2","","A universal file extractor","Utilities","https://github.com/Bioruebe/UniExtract2","https://packages.chocolatey.org/","choco install  -y"
"vbdecompiler","","Visual Basic decompiler","VB","http://www.mcafee.com/us/downloads/free-tools/fileinsight.aspx","https://packages.chocolatey.org/","choco install  -y"
"vcbuildtools","vcbuildtools.2015.4.nupkg","Visual Studio build tools","Developer","http://landinghub.visualstudio.com/visual-cpp-build-tools","https://packages.chocolatey.org/vcbuildtools.2015.4.nupkg","choco install vcbuildtools.2015.4.nupkg -y"
"vcredist-all","vcredist-all.1.0.1.nupkg","Visual Studio redistributable libraries","Utilities","https://support.microsoft.com/en-us/kb/2977003","https://packages.chocolatey.org/vcredist-all.1.0.1.nupkg","choco install vcredist-all.1.0.1.nupkg -y"
"virustotaluploader","virustotaluploader.2.2.20150420.nupkg","Uploads file hash to Virus Total","","https://chocolatey.org/packages/virustotaluploader","https://packages.chocolatey.org/virustotaluploader.2.2.20150420.nupkg","choco install virustotaluploader.2.2.20150420.nupkg -y"
"vim","vim.8.2.3562.nupkg","The VI improved text editor","Text","https://www.vim.org/","https://packages.chocolatey.org/vim.8.2.3562.nupkg","choco install vim.8.2.3562.nupkg -y"
"vlc","vlc.3.0.16.nupkg","Creates a shortcut for VLC Media Player in the Utilities folder","Utilities","http://www.videolan.org/vlc/","https://packages.chocolatey.org/vlc.3.0.16.nupkg","choco install vlc.3.0.16.nupkg -y"
"vmware-horizon-client","vmware-horizon-client.8.3.0.18287501.nupkg","Creates a shortcut for VMware Horizon Client in the Networking Tools folder","Networking","http://www.vmware.com/products/horizon-view","https://packages.chocolatey.org/vmware-horizon-client.8.3.0.18287501.nupkg","choco install vmware-horizon-client.8.3.0.18287501.nupkg -y"
"vmwarevsphereclient","vmwarevsphereclient.6.0.0.9103891.nupkg","Creates a shortcut for VMware vSphere client in the Networking Tools folder","Networking","https://www.vmware.com/products/vsphere/","https://packages.chocolatey.org/vmwarevsphereclient.6.0.0.9103891.nupkg","choco install vmwarevsphereclient.6.0.0.9103891.nupkg -y"
"vnc-viewer","vnc-viewer.6.21.920.nupkg","Creates a shortcut for VNC Viewer in the Networking Tools folder","Networking","https://www.realvnc.com/products/vnc/","https://packages.chocolatey.org/vnc-viewer.6.21.920.nupkg","choco install vnc-viewer.6.21.920.nupkg -y"
"volatility","volatility.2.6.0.20190425.nupkg","A memory forensic framework","Forensic","https://www.volatilityfoundation.org/about","https://packages.chocolatey.org/volatility.2.6.0.20190425.nupkg","choco install volatility.2.6.0.20190425.nupkg -y"
"vscode","vscode.1.61.2.nupkg","Creates a shortcut for VS Code in the Developer Tools folder and pins VS Code to the taskbar","Developer","https://code.visualstudio.com","https://packages.chocolatey.org/vscode.1.61.2.nupkg","choco install vscode.1.61.2.nupkg -y"
"vssown","","Volume Shadow Copy utility","Exploitation","https://github.com/reider-roque/pentest-tools/blob/master/password-cracking/vssown.vbs","https://packages.chocolatey.org/","choco install  -y"
"vulcan","","a tool to make it easy and fast to test various forms of injection","Exploitation","https://github.com/praetorian-code/vulcan","https://packages.chocolatey.org/","choco install  -y"
"Watson","","Enumerate missing KBs and suggest exploits for useful Privilege Escalation vulnerabilities","Information Gathering","https://github.com/rasta-mouse/Watson","https://packages.chocolatey.org/","choco install  -y"
"wfuzz","","Web application fuzzer","Web Application","https://github.com/xmendez/wfuzz","https://packages.chocolatey.org/","choco install  -y"
"windbg","windbg.10.0.10586.15.nupkg","The Windows Debugger","Debuggers","http://msdn.microsoft.com/en-us/windows/hardware/hh852365.aspx","https://packages.chocolatey.org/windbg.10.0.10586.15.nupkg","choco install windbg.10.0.10586.15.nupkg -y"
"windbg","windbg.10.0.10586.15.nupkg","The Windows Debugger","Debuggers","http://msdn.microsoft.com/en-us/windows/hardware/hh852365.aspx","https://packages.chocolatey.org/windbg.10.0.10586.15.nupkg","choco install windbg.10.0.10586.15.nupkg -y"
"windbg.kenstheme","","A theme for winddbg","Utilities","http://msdn.microsoft.com/en-us/windows/hardware/hh852365.aspx","https://packages.chocolatey.org/","choco install  -y"
"windbg.ollydumpex","","OllyDumpEx plugin for Windbg","Utilities","https://low-priority.appspot.com/ollydumpex/","https://packages.chocolatey.org/","choco install  -y"
"windbg.pykd","","PyKD plugin for Windbg","Utilities","https://pykd.codeplex.com","https://packages.chocolatey.org/","choco install  -y"
"windump","","WinDump is the Windows version of tcpdump","Networking","http://www.winpcap.org/windump/","https://packages.chocolatey.org/","choco install  -y"
"winscp","winscp.5.19.4.nupkg","Creates a shortcut for WinSCP in the Networking Tools folder","Networking","https://winscp.net/","https://packages.chocolatey.org/winscp.5.19.4.nupkg","choco install winscp.5.19.4.nupkg -y"
"wireshark","wireshark.3.4.9.nupkg","Creates a shortcut for Wireshark in the Networking Tools folder","Networking","http://www.wireshark.org","https://packages.chocolatey.org/wireshark.3.4.9.nupkg","choco install wireshark.3.4.9.nupkg -y"
"wireshark","wireshark.3.4.9.nupkg","Creates a shortcut for Wireshark in the Networking Tools folder","Net","http://www.wireshark.org","https://packages.chocolatey.org/wireshark.3.4.9.nupkg","choco install wireshark.3.4.9.nupkg -y"
"WMImplant","","WMImplant is a PowerShell based tool that leverages WMI to both perform actions against targeted machines but also as the C2 channel for issuing commands and receiving results.","Command and Control","https://github.com/FortyNorthSecurity/WMImplant","https://packages.chocolatey.org/","choco install  -y"
"WMIOps","","WMIOps is a powershell script that uses WMI to perform a variety of actions on hosts local or remote within a Windows environment.","Command and Control","https://github.com/FortyNorthSecurity/WMIOps","https://packages.chocolatey.org/","choco install  -y"
"wsl","wsl.1.0.1.nupkg","Enables the Linux Subsystem in Windows 10","NA","","https://packages.chocolatey.org/wsl.1.0.1.nupkg","choco install wsl.1.0.1.nupkg -y"
"x64dbg","","An open-source x64/x32 debugger for windows.","Debuggers","http://x64dbg.com","https://packages.chocolatey.org/","choco install  -y"
"x64dbg","","An open-source x64/x32 debugger for windows.","Debuggers","http://x64dbg.com","https://packages.chocolatey.org/","choco install  -y"
"x64dbg.ollydumpex","","OllyDumpEx plugin for x64dbg","Utilities","https://low-priority.appspot.com/ollydumpex/","https://packages.chocolatey.org/","choco install  -y"
"x64dbg.py","","Python support for x64dbg","Utilities","https://github.com/x64dbg/x64dbgpy","https://packages.chocolatey.org/","choco install  -y"
"xorsearch","","Search for an encoded string in a file","Utilities","https://didierstevens.com/","https://packages.chocolatey.org/","choco install  -y"
"xorstrings","","Encoded strings bruteforce and dump","Utilities","https://didierstevens.com/","https://packages.chocolatey.org/","choco install  -y"
"yara","yara.4.1.3.nupkg","A pattern matching swiss army knife","Utilities","http://virustotal.github.io/yara/","https://packages.chocolatey.org/yara.4.1.3.nupkg","choco install yara.4.1.3.nupkg -y"
"yed","yed.3.21.1.20210914.nupkg","Creates a shortcut for yEd in the Utilities folder","Utilities","http://www.yworks.com/en/products/yfiles/yed","https://packages.chocolatey.org/yed.3.21.1.20210914.nupkg","choco install yed.3.21.1.20210914.nupkg -y"
"zap","zap.2.11.0.nupkg","Creates a shortcut for Zap in the Web Application folder","Web Application","https://www.owasp.org/index.php/OWASP_Zed_Attack_Proxy_Project","https://packages.chocolatey.org/zap.2.11.0.nupkg","choco install zap.2.11.0.nupkg -y"
"zBang","","zBang is a risk assessment tool that detects potential privileged account threats","Vulnerability","https://github.com/cyberark/zBang","https://packages.chocolatey.org/","choco install  -y"
